<?xml version="1.0" encoding="utf-8"?>
<ApplicationInstallerManifest>
   <DefaultInstallationDirectory>/Applications/Voxit/</DefaultInstallationDirectory>
   <ApplicationName>Voxit</ApplicationName>
   <ExecutableName>application/Voxit.exe</ExecutableName>
   <GUID>99a1029e-0926-41a7-b5a4-7a8125d14f4a</GUID>
   <ApplicationIcon>icon_48.png</ApplicationIcon>
   <Logo>logo1404757447064331626.tmp</Logo>
   <Version>1.2</Version>
   <InstallationNotes>In the following directions, replace MR/v99 by the directory on the target machine where MATLAB is installed, or MR by the directory where the MATLAB Runtime is installed.

If the environment variable DYLD_LIBRARY_PATH is undefined, set it to the following string:

MR/v99/runtime/maci64:MR/v99/sys/os/maci64:MR/v99/bin/maci64

If it is defined, set it to the following:

${DYLD_LIBRARY_PATH}:MR/v99/runtime/maci64:MR/v99/sys/os/maci64:MR/v99/bin/maci64
</InstallationNotes>
   <Summary>Standalone Voxit</Summary>
   <WelcomePanelText>Voxit 1.2
Standalone Voxit</WelcomePanelText>
   <MCRProducts>
      <MCRProduct>
         <ExternalProductIdentifier>35000</ExternalProductIdentifier>
      </MCRProduct>
      <MCRProduct>
         <ExternalProductIdentifier>35010</ExternalProductIdentifier>
      </MCRProduct>
      <MCRProduct>
         <ExternalProductIdentifier>35108</ExternalProductIdentifier>
      </MCRProduct>
      <MCRProduct>
         <ExternalProductIdentifier>35119</ExternalProductIdentifier>
      </MCRProduct>
   </MCRProducts>
</ApplicationInstallerManifest>